{
  "products":[],
  "orders": [
    {
      "id": "a638",
      "customer": "banu@gmail.com",
      "orderDate": "2024-07-16T10:03:40.312Z",
      "items": [
        {
          "id": 1,
          "title": "Fjallraven - Foldsack No. 1 Backpack, Fits 15 Laptops",
          "price": 109.95,
          "image": "https://fakestoreapi.com/img/81fPKd-2AYL._AC_SL1500_.jpg",
          "amount": 109.95,
          "quantity": 1
        },
        {
          "id": 3,
          "title": "Mens Cotton Jacket",
          "price": 55.99,
          "image": "https://fakestoreapi.com/img/71li-ujtlUL._AC_UX679_.jpg",
          "amount": 111.98,
          "quantity": 2
        }
      ],
      "total": 221.93
    }
  ]
}